<?xml version="1.0" encoding="UTF-8"?>

<mule xmlns:db="http://www.mulesoft.org/schema/mule/db" xmlns:http="http://www.mulesoft.org/schema/mule/http" xmlns="http://www.mulesoft.org/schema/mule/core" xmlns:doc="http://www.mulesoft.org/schema/mule/documentation"
	xmlns:spring="http://www.springframework.org/schema/beans" 
	xmlns:xsi="http://www.w3.org/2001/XMLSchema-instance"
	xsi:schemaLocation="http://www.springframework.org/schema/beans http://www.springframework.org/schema/beans/spring-beans-current.xsd
http://www.mulesoft.org/schema/mule/core http://www.mulesoft.org/schema/mule/core/current/mule.xsd
http://www.mulesoft.org/schema/mule/db http://www.mulesoft.org/schema/mule/db/current/mule-db.xsd
http://www.mulesoft.org/schema/mule/http http://www.mulesoft.org/schema/mule/http/current/mule-http.xsd">
    <http:listener-config name="HTTP_Listener_Configuration" host="0.0.0.0" port="8081" doc:name="HTTP Listener Configuration"/>
    <db:oracle-config name="Oracle_Configuration" host="localhost" port="1521" instance="SHREAYAN" user="HR" password="Shreyan1" doc:name="Oracle Configuration"/>
    <flow name="mavengitFlow">
        <http:listener config-ref="HTTP_Listener_Configuration" path="/mavenGIT" doc:name="HTTP"/>
        <db:select config-ref="Oracle_Configuration" doc:name="Database">
            <db:parameterized-query><![CDATA[select * from employee_01]]></db:parameterized-query>
        </db:select>
        <object-to-string-transformer returnClass="java.lang.String" doc:name="Object to String"/>
    </flow>
</mule>
